,PayloadMass,Orbit,LaunchSite,Outcome,Flights,GridFins,Reused,Legs,LandingPad,Block,ReusedCount,Serial,Class,PayloadMass,Flights,GridFins,Reused,Legs,Block,ReusedCount,Class,Orbit_ES-L1,Orbit_GEO,Orbit_GTO,Orbit_HEO,Orbit_ISS,Orbit_LEO,Orbit_MEO,Orbit_PO,Orbit_SO,Orbit_SSO,Orbit_VLEO,LaunchSite_CCAFS SLC 40,LaunchSite_KSC LC 39A,LaunchSite_VAFB SLC 4E,Outcome_False ASDS,Outcome_False Ocean,Outcome_False RTLS,Outcome_None ASDS,Outcome_None None,Outcome_True ASDS,Outcome_True Ocean,Outcome_True RTLS,LandingPad_5e9e3032383ecb267a34e7c7,LandingPad_5e9e3032383ecb554034e7c9,LandingPad_5e9e3032383ecb6bb234e7ca,LandingPad_5e9e3032383ecb761634e7cb,LandingPad_5e9e3033383ecbb9e534e7cc,Serial_B0003,Serial_B0005,Serial_B0007,Serial_B1003,Serial_B1004,Serial_B1005,Serial_B1006,Serial_B1007,Serial_B1008,Serial_B1010,Serial_B1011,Serial_B1012,Serial_B1013,Serial_B1015,Serial_B1016,Serial_B1017,Serial_B1018,Serial_B1019,Serial_B1020,Serial_B1021,Serial_B1022,Serial_B1023,Serial_B1025,Serial_B1026,Serial_B1028,Serial_B1029,Serial_B1030,Serial_B1031,Serial_B1032,Serial_B1034,Serial_B1035,Serial_B1036,Serial_B1037,Serial_B1038,Serial_B1039,Serial_B1040,Serial_B1041,Serial_B1042,Serial_B1043,Serial_B1044,Serial_B1045,Serial_B1046,Serial_B1047,Serial_B1048,Serial_B1049,Serial_B1050,Serial_B1051,Serial_B1054,Serial_B1056,Serial_B1058,Serial_B1059,Serial_B1060,Serial_B1062
0,6104.959411764706,LEO,CCAFS SLC 40,None None,1,0,0,0,,1.0,0,B0003,0,6104.959411764706,1,0,0,0,1.0,0,0,0,0,0,0,0,1,0,0,0,0,0,1,0,0,0,0,0,0,1,0,0,0,0,0,0,0,0,1,0,0,0,0,0,0,0,0,0,0,0,0,0,0,0,0,0,0,0,0,0,0,0,0,0,0,0,0,0,0,0,0,0,0,0,0,0,0,0,0,0,0,0,0,0,0,0,0,0,0,0,0
1,525.0,LEO,CCAFS SLC 40,None None,1,0,0,0,,1.0,0,B0005,0,525.0,1,0,0,0,1.0,0,0,0,0,0,0,0,1,0,0,0,0,0,1,0,0,0,0,0,0,1,0,0,0,0,0,0,0,0,0,1,0,0,0,0,0,0,0,0,0,0,0,0,0,0,0,0,0,0,0,0,0,0,0,0,0,0,0,0,0,0,0,0,0,0,0,0,0,0,0,0,0,0,0,0,0,0,0,0,0,0,0
2,677.0,ISS,CCAFS SLC 40,None None,1,0,0,0,,1.0,0,B0007,0,677.0,1,0,0,0,1.0,0,0,0,0,0,0,1,0,0,0,0,0,0,1,0,0,0,0,0,0,1,0,0,0,0,0,0,0,0,0,0,1,0,0,0,0,0,0,0,0,0,0,0,0,0,0,0,0,0,0,0,0,0,0,0,0,0,0,0,0,0,0,0,0,0,0,0,0,0,0,0,0,0,0,0,0,0,0,0,0,0,0
3,500.0,PO,VAFB SLC 4E,False Ocean,1,0,0,0,,1.0,0,B1003,0,500.0,1,0,0,0,1.0,0,0,0,0,0,0,0,0,0,1,0,0,0,0,0,1,0,1,0,0,0,0,0,0,0,0,0,0,0,0,0,0,1,0,0,0,0,0,0,0,0,0,0,0,0,0,0,0,0,0,0,0,0,0,0,0,0,0,0,0,0,0,0,0,0,0,0,0,0,0,0,0,0,0,0,0,0,0,0,0,0,0
4,3170.0,GTO,CCAFS SLC 40,None None,1,0,0,0,,1.0,0,B1004,0,3170.0,1,0,0,0,1.0,0,0,0,0,1,0,0,0,0,0,0,0,0,1,0,0,0,0,0,0,1,0,0,0,0,0,0,0,0,0,0,0,0,1,0,0,0,0,0,0,0,0,0,0,0,0,0,0,0,0,0,0,0,0,0,0,0,0,0,0,0,0,0,0,0,0,0,0,0,0,0,0,0,0,0,0,0,0,0,0,0,0
5,3325.0,GTO,CCAFS SLC 40,None None,1,0,0,0,,1.0,0,B1005,0,3325.0,1,0,0,0,1.0,0,0,0,0,1,0,0,0,0,0,0,0,0,1,0,0,0,0,0,0,1,0,0,0,0,0,0,0,0,0,0,0,0,0,1,0,0,0,0,0,0,0,0,0,0,0,0,0,0,0,0,0,0,0,0,0,0,0,0,0,0,0,0,0,0,0,0,0,0,0,0,0,0,0,0,0,0,0,0,0,0,0
6,2296.0,ISS,CCAFS SLC 40,True Ocean,1,0,0,1,,1.0,0,B1006,1,2296.0,1,0,0,1,1.0,0,1,0,0,0,0,1,0,0,0,0,0,0,1,0,0,0,0,0,0,0,0,1,0,0,0,0,0,0,0,0,0,0,0,0,1,0,0,0,0,0,0,0,0,0,0,0,0,0,0,0,0,0,0,0,0,0,0,0,0,0,0,0,0,0,0,0,0,0,0,0,0,0,0,0,0,0,0,0,0,0,0
7,1316.0,LEO,CCAFS SLC 40,True Ocean,1,0,0,1,,1.0,0,B1007,1,1316.0,1,0,0,1,1.0,0,1,0,0,0,0,0,1,0,0,0,0,0,1,0,0,0,0,0,0,0,0,1,0,0,0,0,0,0,0,0,0,0,0,0,0,1,0,0,0,0,0,0,0,0,0,0,0,0,0,0,0,0,0,0,0,0,0,0,0,0,0,0,0,0,0,0,0,0,0,0,0,0,0,0,0,0,0,0,0,0,0
8,4535.0,GTO,CCAFS SLC 40,None None,1,0,0,0,,1.0,0,B1008,0,4535.0,1,0,0,0,1.0,0,0,0,0,1,0,0,0,0,0,0,0,0,1,0,0,0,0,0,0,1,0,0,0,0,0,0,0,0,0,0,0,0,0,0,0,0,1,0,0,0,0,0,0,0,0,0,0,0,0,0,0,0,0,0,0,0,0,0,0,0,0,0,0,0,0,0,0,0,0,0,0,0,0,0,0,0,0,0,0,0,0
9,4428.0,GTO,CCAFS SLC 40,None None,1,0,0,0,,1.0,0,B1011,0,4428.0,1,0,0,0,1.0,0,0,0,0,1,0,0,0,0,0,0,0,0,1,0,0,0,0,0,0,1,0,0,0,0,0,0,0,0,0,0,0,0,0,0,0,0,0,0,1,0,0,0,0,0,0,0,0,0,0,0,0,0,0,0,0,0,0,0,0,0,0,0,0,0,0,0,0,0,0,0,0,0,0,0,0,0,0,0,0,0,0
10,2216.0,ISS,CCAFS SLC 40,False Ocean,1,0,0,0,,1.0,0,B1010,0,2216.0,1,0,0,0,1.0,0,0,0,0,0,0,1,0,0,0,0,0,0,1,0,0,0,1,0,0,0,0,0,0,0,0,0,0,0,0,0,0,0,0,0,0,0,0,1,0,0,0,0,0,0,0,0,0,0,0,0,0,0,0,0,0,0,0,0,0,0,0,0,0,0,0,0,0,0,0,0,0,0,0,0,0,0,0,0,0,0,0
11,2395.0,ISS,CCAFS SLC 40,False ASDS,1,1,0,1,5e9e3032383ecb761634e7cb,1.0,0,B1012,0,2395.0,1,1,0,1,1.0,0,0,0,0,0,0,1,0,0,0,0,0,0,1,0,0,1,0,0,0,0,0,0,0,0,0,0,1,0,0,0,0,0,0,0,0,0,0,0,0,1,0,0,0,0,0,0,0,0,0,0,0,0,0,0,0,0,0,0,0,0,0,0,0,0,0,0,0,0,0,0,0,0,0,0,0,0,0,0,0,0,0
12,570.0,ES-L1,CCAFS SLC 40,True Ocean,1,1,0,1,,1.0,0,B1013,1,570.0,1,1,0,1,1.0,0,1,1,0,0,0,0,0,0,0,0,0,0,1,0,0,0,0,0,0,0,0,1,0,0,0,0,0,0,0,0,0,0,0,0,0,0,0,0,0,0,1,0,0,0,0,0,0,0,0,0,0,0,0,0,0,0,0,0,0,0,0,0,0,0,0,0,0,0,0,0,0,0,0,0,0,0,0,0,0,0,0
13,1898.0,ISS,CCAFS SLC 40,False ASDS,1,1,0,1,5e9e3032383ecb761634e7cb,1.0,0,B1015,0,1898.0,1,1,0,1,1.0,0,0,0,0,0,0,1,0,0,0,0,0,0,1,0,0,1,0,0,0,0,0,0,0,0,0,0,1,0,0,0,0,0,0,0,0,0,0,0,0,0,0,1,0,0,0,0,0,0,0,0,0,0,0,0,0,0,0,0,0,0,0,0,0,0,0,0,0,0,0,0,0,0,0,0,0,0,0,0,0,0,0
14,4707.0,GTO,CCAFS SLC 40,None None,1,0,0,0,,1.0,0,B1016,0,4707.0,1,0,0,0,1.0,0,0,0,0,1,0,0,0,0,0,0,0,0,1,0,0,0,0,0,0,1,0,0,0,0,0,0,0,0,0,0,0,0,0,0,0,0,0,0,0,0,0,0,1,0,0,0,0,0,0,0,0,0,0,0,0,0,0,0,0,0,0,0,0,0,0,0,0,0,0,0,0,0,0,0,0,0,0,0,0,0,0
15,2477.0,ISS,CCAFS SLC 40,None ASDS,1,1,0,1,5e9e3032383ecb6bb234e7ca,1.0,0,B1018,0,2477.0,1,1,0,1,1.0,0,0,0,0,0,0,1,0,0,0,0,0,0,1,0,0,0,0,0,1,0,0,0,0,0,0,1,0,0,0,0,0,0,0,0,0,0,0,0,0,0,0,0,0,0,1,0,0,0,0,0,0,0,0,0,0,0,0,0,0,0,0,0,0,0,0,0,0,0,0,0,0,0,0,0,0,0,0,0,0,0,0
16,2034.0,LEO,CCAFS SLC 40,True RTLS,1,1,0,1,5e9e3032383ecb267a34e7c7,1.0,0,B1019,1,2034.0,1,1,0,1,1.0,0,1,0,0,0,0,0,1,0,0,0,0,0,1,0,0,0,0,0,0,0,0,0,1,1,0,0,0,0,0,0,0,0,0,0,0,0,0,0,0,0,0,0,0,0,0,1,0,0,0,0,0,0,0,0,0,0,0,0,0,0,0,0,0,0,0,0,0,0,0,0,0,0,0,0,0,0,0,0,0,0,0
17,553.0,PO,VAFB SLC 4E,False ASDS,1,1,0,1,5e9e3033383ecbb9e534e7cc,1.0,0,B1017,0,553.0,1,1,0,1,1.0,0,0,0,0,0,0,0,0,0,1,0,0,0,0,0,1,1,0,0,0,0,0,0,0,0,0,0,0,1,0,0,0,0,0,0,0,0,0,0,0,0,0,0,0,1,0,0,0,0,0,0,0,0,0,0,0,0,0,0,0,0,0,0,0,0,0,0,0,0,0,0,0,0,0,0,0,0,0,0,0,0,0
18,5271.0,GTO,CCAFS SLC 40,False ASDS,1,1,0,1,5e9e3032383ecb6bb234e7ca,1.0,0,B1020,0,5271.0,1,1,0,1,1.0,0,0,0,0,1,0,0,0,0,0,0,0,0,1,0,0,1,0,0,0,0,0,0,0,0,0,1,0,0,0,0,0,0,0,0,0,0,0,0,0,0,0,0,0,0,0,0,1,0,0,0,0,0,0,0,0,0,0,0,0,0,0,0,0,0,0,0,0,0,0,0,0,0,0,0,0,0,0,0,0,0,0
19,3136.0,ISS,CCAFS SLC 40,True ASDS,1,1,0,1,5e9e3032383ecb6bb234e7ca,2.0,1,B1021,1,3136.0,1,1,0,1,2.0,1,1,0,0,0,0,1,0,0,0,0,0,0,1,0,0,0,0,0,0,0,1,0,0,0,0,1,0,0,0,0,0,0,0,0,0,0,0,0,0,0,0,0,0,0,0,0,0,1,0,0,0,0,0,0,0,0,0,0,0,0,0,0,0,0,0,0,0,0,0,0,0,0,0,0,0,0,0,0,0,0,0
20,4696.0,GTO,CCAFS SLC 40,True ASDS,1,1,0,1,5e9e3032383ecb6bb234e7ca,2.0,0,B1022,1,4696.0,1,1,0,1,2.0,0,1,0,0,1,0,0,0,0,0,0,0,0,1,0,0,0,0,0,0,0,1,0,0,0,0,1,0,0,0,0,0,0,0,0,0,0,0,0,0,0,0,0,0,0,0,0,0,0,1,0,0,0,0,0,0,0,0,0,0,0,0,0,0,0,0,0,0,0,0,0,0,0,0,0,0,0,0,0,0,0,0
21,3100.0,GTO,CCAFS SLC 40,True ASDS,1,1,0,1,5e9e3032383ecb6bb234e7ca,2.0,1,B1023,1,3100.0,1,1,0,1,2.0,1,1,0,0,1,0,0,0,0,0,0,0,0,1,0,0,0,0,0,0,0,1,0,0,0,0,1,0,0,0,0,0,0,0,0,0,0,0,0,0,0,0,0,0,0,0,0,0,0,0,1,0,0,0,0,0,0,0,0,0,0,0,0,0,0,0,0,0,0,0,0,0,0,0,0,0,0,0,0,0,0,0
22,2257.0,ISS,CCAFS SLC 40,True RTLS,1,1,0,1,5e9e3032383ecb267a34e7c7,2.0,1,B1025,1,2257.0,1,1,0,1,2.0,1,1,0,0,0,0,1,0,0,0,0,0,0,1,0,0,0,0,0,0,0,0,0,1,1,0,0,0,0,0,0,0,0,0,0,0,0,0,0,0,0,0,0,0,0,0,0,0,0,0,0,1,0,0,0,0,0,0,0,0,0,0,0,0,0,0,0,0,0,0,0,0,0,0,0,0,0,0,0,0,0,0
23,4600.0,GTO,CCAFS SLC 40,True ASDS,1,1,0,1,5e9e3032383ecb6bb234e7ca,2.0,0,B1026,1,4600.0,1,1,0,1,2.0,0,1,0,0,1,0,0,0,0,0,0,0,0,1,0,0,0,0,0,0,0,1,0,0,0,0,1,0,0,0,0,0,0,0,0,0,0,0,0,0,0,0,0,0,0,0,0,0,0,0,0,0,1,0,0,0,0,0,0,0,0,0,0,0,0,0,0,0,0,0,0,0,0,0,0,0,0,0,0,0,0,0
24,5500.0,GTO,CCAFS SLC 40,None ASDS,1,1,0,1,5e9e3032383ecb6bb234e7ca,3.0,0,B1028,0,5500.0,1,1,0,1,3.0,0,0,0,0,1,0,0,0,0,0,0,0,0,1,0,0,0,0,0,1,0,0,0,0,0,0,1,0,0,0,0,0,0,0,0,0,0,0,0,0,0,0,0,0,0,0,0,0,0,0,0,0,0,1,0,0,0,0,0,0,0,0,0,0,0,0,0,0,0,0,0,0,0,0,0,0,0,0,0,0,0,0
25,9600.0,PO,VAFB SLC 4E,True ASDS,1,1,0,1,5e9e3033383ecbb9e534e7cc,3.0,1,B1029,1,9600.0,1,1,0,1,3.0,1,1,0,0,0,0,0,0,0,1,0,0,0,0,0,1,0,0,0,0,0,1,0,0,0,0,0,0,1,0,0,0,0,0,0,0,0,0,0,0,0,0,0,0,0,0,0,0,0,0,0,0,0,0,1,0,0,0,0,0,0,0,0,0,0,0,0,0,0,0,0,0,0,0,0,0,0,0,0,0,0,0
26,2490.0,ISS,KSC LC 39A,True RTLS,1,1,0,1,5e9e3032383ecb267a34e7c7,3.0,1,B1031,1,2490.0,1,1,0,1,3.0,1,1,0,0,0,0,1,0,0,0,0,0,0,0,1,0,0,0,0,0,0,0,0,1,1,0,0,0,0,0,0,0,0,0,0,0,0,0,0,0,0,0,0,0,0,0,0,0,0,0,0,0,0,0,0,0,1,0,0,0,0,0,0,0,0,0,0,0,0,0,0,0,0,0,0,0,0,0,0,0,0,0
27,5600.0,GTO,KSC LC 39A,None None,1,0,0,0,,3.0,0,B1030,0,5600.0,1,0,0,0,3.0,0,0,0,0,1,0,0,0,0,0,0,0,0,0,1,0,0,0,0,0,1,0,0,0,0,0,0,0,0,0,0,0,0,0,0,0,0,0,0,0,0,0,0,0,0,0,0,0,0,0,0,0,0,0,0,1,0,0,0,0,0,0,0,0,0,0,0,0,0,0,0,0,0,0,0,0,0,0,0,0,0,0
28,5300.0,GTO,KSC LC 39A,True ASDS,2,1,1,1,5e9e3032383ecb6bb234e7ca,2.0,1,B1021,1,5300.0,2,1,1,1,2.0,1,1,0,0,1,0,0,0,0,0,0,0,0,0,1,0,0,0,0,0,0,1,0,0,0,0,1,0,0,0,0,0,0,0,0,0,0,0,0,0,0,0,0,0,0,0,0,0,1,0,0,0,0,0,0,0,0,0,0,0,0,0,0,0,0,0,0,0,0,0,0,0,0,0,0,0,0,0,0,0,0,0
29,6104.959411764706,LEO,KSC LC 39A,True RTLS,1,1,0,1,5e9e3032383ecb267a34e7c7,3.0,1,B1032,1,6104.959411764706,1,1,0,1,3.0,1,1,0,0,0,0,0,1,0,0,0,0,0,0,1,0,0,0,0,0,0,0,0,1,1,0,0,0,0,0,0,0,0,0,0,0,0,0,0,0,0,0,0,0,0,0,0,0,0,0,0,0,0,0,0,0,0,1,0,0,0,0,0,0,0,0,0,0,0,0,0,0,0,0,0,0,0,0,0,0,0,0
30,6070.0,GTO,KSC LC 39A,None None,1,0,0,0,,3.0,0,B1034,0,6070.0,1,0,0,0,3.0,0,0,0,0,1,0,0,0,0,0,0,0,0,0,1,0,0,0,0,0,1,0,0,0,0,0,0,0,0,0,0,0,0,0,0,0,0,0,0,0,0,0,0,0,0,0,0,0,0,0,0,0,0,0,0,0,0,0,1,0,0,0,0,0,0,0,0,0,0,0,0,0,0,0,0,0,0,0,0,0,0,0
31,2708.0,ISS,KSC LC 39A,True RTLS,1,1,0,1,5e9e3032383ecb267a34e7c7,3.0,1,B1035,1,2708.0,1,1,0,1,3.0,1,1,0,0,0,0,1,0,0,0,0,0,0,0,1,0,0,0,0,0,0,0,0,1,1,0,0,0,0,0,0,0,0,0,0,0,0,0,0,0,0,0,0,0,0,0,0,0,0,0,0,0,0,0,0,0,0,0,0,1,0,0,0,0,0,0,0,0,0,0,0,0,0,0,0,0,0,0,0,0,0,0
32,3669.0,GTO,KSC LC 39A,True ASDS,2,1,1,1,5e9e3032383ecb6bb234e7ca,3.0,1,B1029,1,3669.0,2,1,1,1,3.0,1,1,0,0,1,0,0,0,0,0,0,0,0,0,1,0,0,0,0,0,0,1,0,0,0,0,1,0,0,0,0,0,0,0,0,0,0,0,0,0,0,0,0,0,0,0,0,0,0,0,0,0,0,0,1,0,0,0,0,0,0,0,0,0,0,0,0,0,0,0,0,0,0,0,0,0,0,0,0,0,0,0
33,9600.0,PO,VAFB SLC 4E,True ASDS,1,1,0,1,5e9e3033383ecbb9e534e7cc,3.0,1,B1036,1,9600.0,1,1,0,1,3.0,1,1,0,0,0,0,0,0,0,1,0,0,0,0,0,1,0,0,0,0,0,1,0,0,0,0,0,0,1,0,0,0,0,0,0,0,0,0,0,0,0,0,0,0,0,0,0,0,0,0,0,0,0,0,0,0,0,0,0,0,1,0,0,0,0,0,0,0,0,0,0,0,0,0,0,0,0,0,0,0,0,0
34,6761.0,GTO,KSC LC 39A,None None,1,0,0,0,,3.0,0,B1037,0,6761.0,1,0,0,0,3.0,0,0,0,0,1,0,0,0,0,0,0,0,0,0,1,0,0,0,0,0,1,0,0,0,0,0,0,0,0,0,0,0,0,0,0,0,0,0,0,0,0,0,0,0,0,0,0,0,0,0,0,0,0,0,0,0,0,0,0,0,0,1,0,0,0,0,0,0,0,0,0,0,0,0,0,0,0,0,0,0,0,0
35,2910.0,ISS,KSC LC 39A,True RTLS,1,1,0,1,5e9e3032383ecb267a34e7c7,4.0,1,B1039,1,2910.0,1,1,0,1,4.0,1,1,0,0,0,0,1,0,0,0,0,0,0,0,1,0,0,0,0,0,0,0,0,1,1,0,0,0,0,0,0,0,0,0,0,0,0,0,0,0,0,0,0,0,0,0,0,0,0,0,0,0,0,0,0,0,0,0,0,0,0,0,0,1,0,0,0,0,0,0,0,0,0,0,0,0,0,0,0,0,0,0
36,475.0,SSO,VAFB SLC 4E,True ASDS,1,1,0,1,5e9e3033383ecbb9e534e7cc,3.0,1,B1038,1,475.0,1,1,0,1,3.0,1,1,0,0,0,0,0,0,0,0,0,1,0,0,0,1,0,0,0,0,0,1,0,0,0,0,0,0,1,0,0,0,0,0,0,0,0,0,0,0,0,0,0,0,0,0,0,0,0,0,0,0,0,0,0,0,0,0,0,0,0,0,1,0,0,0,0,0,0,0,0,0,0,0,0,0,0,0,0,0,0,0
37,4990.0,LEO,KSC LC 39A,True RTLS,1,1,0,1,5e9e3032383ecb267a34e7c7,4.0,1,B1040,1,4990.0,1,1,0,1,4.0,1,1,0,0,0,0,0,1,0,0,0,0,0,0,1,0,0,0,0,0,0,0,0,1,1,0,0,0,0,0,0,0,0,0,0,0,0,0,0,0,0,0,0,0,0,0,0,0,0,0,0,0,0,0,0,0,0,0,0,0,0,0,0,0,1,0,0,0,0,0,0,0,0,0,0,0,0,0,0,0,0,0
38,9600.0,PO,VAFB SLC 4E,True ASDS,1,1,0,1,5e9e3033383ecbb9e534e7cc,4.0,1,B1041,1,9600.0,1,1,0,1,4.0,1,1,0,0,0,0,0,0,0,1,0,0,0,0,0,1,0,0,0,0,0,1,0,0,0,0,0,0,1,0,0,0,0,0,0,0,0,0,0,0,0,0,0,0,0,0,0,0,0,0,0,0,0,0,0,0,0,0,0,0,0,0,0,0,0,1,0,0,0,0,0,0,0,0,0,0,0,0,0,0,0,0
39,5200.0,GTO,KSC LC 39A,True ASDS,2,1,1,1,5e9e3032383ecb6bb234e7ca,3.0,1,B1031,1,5200.0,2,1,1,1,3.0,1,1,0,0,1,0,0,0,0,0,0,0,0,0,1,0,0,0,0,0,0,1,0,0,0,0,1,0,0,0,0,0,0,0,0,0,0,0,0,0,0,0,0,0,0,0,0,0,0,0,0,0,0,0,0,0,1,0,0,0,0,0,0,0,0,0,0,0,0,0,0,0,0,0,0,0,0,0,0,0,0,0
40,3700.0,GTO,KSC LC 39A,True ASDS,1,1,0,1,5e9e3032383ecb6bb234e7ca,4.0,0,B1042,1,3700.0,1,1,0,1,4.0,0,1,0,0,1,0,0,0,0,0,0,0,0,0,1,0,0,0,0,0,0,1,0,0,0,0,1,0,0,0,0,0,0,0,0,0,0,0,0,0,0,0,0,0,0,0,0,0,0,0,0,0,0,0,0,0,0,0,0,0,0,0,0,0,0,0,1,0,0,0,0,0,0,0,0,0,0,0,0,0,0,0
41,2205.0,ISS,CCAFS SLC 40,True RTLS,2,1,1,1,5e9e3032383ecb267a34e7c7,3.0,1,B1035,1,2205.0,2,1,1,1,3.0,1,1,0,0,0,0,1,0,0,0,0,0,0,1,0,0,0,0,0,0,0,0,0,1,1,0,0,0,0,0,0,0,0,0,0,0,0,0,0,0,0,0,0,0,0,0,0,0,0,0,0,0,0,0,0,0,0,0,0,1,0,0,0,0,0,0,0,0,0,0,0,0,0,0,0,0,0,0,0,0,0,0
42,9600.0,PO,VAFB SLC 4E,True Ocean,2,1,1,0,,3.0,1,B1036,1,9600.0,2,1,1,0,3.0,1,1,0,0,0,0,0,0,0,1,0,0,0,0,0,1,0,0,0,0,0,0,1,0,0,0,0,0,0,0,0,0,0,0,0,0,0,0,0,0,0,0,0,0,0,0,0,0,0,0,0,0,0,0,0,0,0,0,0,0,1,0,0,0,0,0,0,0,0,0,0,0,0,0,0,0,0,0,0,0,0,0
43,6104.959411764706,LEO,CCAFS SLC 40,True RTLS,1,1,0,1,5e9e3032383ecb267a34e7c7,4.0,1,B1043,1,6104.959411764706,1,1,0,1,4.0,1,1,0,0,0,0,0,1,0,0,0,0,0,1,0,0,0,0,0,0,0,0,0,1,1,0,0,0,0,0,0,0,0,0,0,0,0,0,0,0,0,0,0,0,0,0,0,0,0,0,0,0,0,0,0,0,0,0,0,0,0,0,0,0,0,0,0,1,0,0,0,0,0,0,0,0,0,0,0,0,0,0
44,4230.0,GTO,CCAFS SLC 40,True Ocean,2,1,1,1,,3.0,1,B1032,1,4230.0,2,1,1,1,3.0,1,1,0,0,1,0,0,0,0,0,0,0,0,1,0,0,0,0,0,0,0,0,1,0,0,0,0,0,0,0,0,0,0,0,0,0,0,0,0,0,0,0,0,0,0,0,0,0,0,0,0,0,0,0,0,0,0,1,0,0,0,0,0,0,0,0,0,0,0,0,0,0,0,0,0,0,0,0,0,0,0,0
45,6092.0,GTO,CCAFS SLC 40,None None,1,1,0,1,,4.0,0,B1044,0,6092.0,1,1,0,1,4.0,0,0,0,0,1,0,0,0,0,0,0,0,0,1,0,0,0,0,0,0,1,0,0,0,0,0,0,0,0,0,0,0,0,0,0,0,0,0,0,0,0,0,0,0,0,0,0,0,0,0,0,0,0,0,0,0,0,0,0,0,0,0,0,0,0,0,0,0,1,0,0,0,0,0,0,0,0,0,0,0,0,0
46,9600.0,PO,VAFB SLC 4E,None None,2,1,1,1,,4.0,1,B1041,0,9600.0,2,1,1,1,4.0,1,0,0,0,0,0,0,0,0,1,0,0,0,0,0,1,0,0,0,0,1,0,0,0,0,0,0,0,0,0,0,0,0,0,0,0,0,0,0,0,0,0,0,0,0,0,0,0,0,0,0,0,0,0,0,0,0,0,0,0,0,0,0,0,0,1,0,0,0,0,0,0,0,0,0,0,0,0,0,0,0,0
47,2760.0,ISS,CCAFS SLC 40,None None,2,1,1,1,,4.0,1,B1039,0,2760.0,2,1,1,1,4.0,1,0,0,0,0,0,1,0,0,0,0,0,0,1,0,0,0,0,0,0,1,0,0,0,0,0,0,0,0,0,0,0,0,0,0,0,0,0,0,0,0,0,0,0,0,0,0,0,0,0,0,0,0,0,0,0,0,0,0,0,0,0,0,1,0,0,0,0,0,0,0,0,0,0,0,0,0,0,0,0,0,0
48,350.0,HEO,CCAFS SLC 40,True ASDS,1,1,0,1,5e9e3032383ecb6bb234e7ca,4.0,1,B1045,1,350.0,1,1,0,1,4.0,1,1,0,0,0,1,0,0,0,0,0,0,0,1,0,0,0,0,0,0,0,1,0,0,0,0,1,0,0,0,0,0,0,0,0,0,0,0,0,0,0,0,0,0,0,0,0,0,0,0,0,0,0,0,0,0,0,0,0,0,0,0,0,0,0,0,0,0,0,1,0,0,0,0,0,0,0,0,0,0,0,0
49,3750.0,GTO,KSC LC 39A,True ASDS,1,1,0,1,5e9e3032383ecb6bb234e7ca,5.0,3,B1046,1,3750.0,1,1,0,1,5.0,3,1,0,0,1,0,0,0,0,0,0,0,0,0,1,0,0,0,0,0,0,1,0,0,0,0,1,0,0,0,0,0,0,0,0,0,0,0,0,0,0,0,0,0,0,0,0,0,0,0,0,0,0,0,0,0,0,0,0,0,0,0,0,0,0,0,0,0,0,0,1,0,0,0,0,0,0,0,0,0,0,0
50,5383.85,GTO,CCAFS SLC 40,None None,2,0,1,0,,4.0,1,B1040,0,5383.85,2,0,1,0,4.0,1,0,0,0,1,0,0,0,0,0,0,0,0,1,0,0,0,0,0,0,1,0,0,0,0,0,0,0,0,0,0,0,0,0,0,0,0,0,0,0,0,0,0,0,0,0,0,0,0,0,0,0,0,0,0,0,0,0,0,0,0,0,0,0,1,0,0,0,0,0,0,0,0,0,0,0,0,0,0,0,0,0
51,2410.0,ISS,CCAFS SLC 40,None None,2,0,1,0,,4.0,1,B1045,0,2410.0,2,0,1,0,4.0,1,0,0,0,0,0,1,0,0,0,0,0,0,1,0,0,0,0,0,0,1,0,0,0,0,0,0,0,0,0,0,0,0,0,0,0,0,0,0,0,0,0,0,0,0,0,0,0,0,0,0,0,0,0,0,0,0,0,0,0,0,0,0,0,0,0,0,0,0,1,0,0,0,0,0,0,0,0,0,0,0,0
52,7076.0,GTO,CCAFS SLC 40,True ASDS,1,1,0,1,5e9e3032383ecb6bb234e7ca,5.0,2,B1047,1,7076.0,1,1,0,1,5.0,2,1,0,0,1,0,0,0,0,0,0,0,0,1,0,0,0,0,0,0,0,1,0,0,0,0,1,0,0,0,0,0,0,0,0,0,0,0,0,0,0,0,0,0,0,0,0,0,0,0,0,0,0,0,0,0,0,0,0,0,0,0,0,0,0,0,0,0,0,0,0,1,0,0,0,0,0,0,0,0,0,0
53,9600.0,PO,VAFB SLC 4E,True ASDS,1,1,0,1,5e9e3033383ecbb9e534e7cc,5.0,4,B1048,1,9600.0,1,1,0,1,5.0,4,1,0,0,0,0,0,0,0,1,0,0,0,0,0,1,0,0,0,0,0,1,0,0,0,0,0,0,1,0,0,0,0,0,0,0,0,0,0,0,0,0,0,0,0,0,0,0,0,0,0,0,0,0,0,0,0,0,0,0,0,0,0,0,0,0,0,0,0,0,0,0,1,0,0,0,0,0,0,0,0,0
54,5800.0,GTO,CCAFS SLC 40,True ASDS,2,1,1,1,5e9e3032383ecb6bb234e7ca,5.0,3,B1046,1,5800.0,2,1,1,1,5.0,3,1,0,0,1,0,0,0,0,0,0,0,0,1,0,0,0,0,0,0,0,1,0,0,0,0,1,0,0,0,0,0,0,0,0,0,0,0,0,0,0,0,0,0,0,0,0,0,0,0,0,0,0,0,0,0,0,0,0,0,0,0,0,0,0,0,0,0,0,0,1,0,0,0,0,0,0,0,0,0,0,0
55,7060.0,GTO,CCAFS SLC 40,True ASDS,1,1,0,1,5e9e3032383ecb6bb234e7ca,5.0,5,B1049,1,7060.0,1,1,0,1,5.0,5,1,0,0,1,0,0,0,0,0,0,0,0,1,0,0,0,0,0,0,0,1,0,0,0,0,1,0,0,0,0,0,0,0,0,0,0,0,0,0,0,0,0,0,0,0,0,0,0,0,0,0,0,0,0,0,0,0,0,0,0,0,0,0,0,0,0,0,0,0,0,0,0,1,0,0,0,0,0,0,0,0
56,2800.0,SSO,VAFB SLC 4E,True RTLS,2,1,1,1,5e9e3032383ecb554034e7c9,5.0,4,B1048,1,2800.0,2,1,1,1,5.0,4,1,0,0,0,0,0,0,0,0,0,1,0,0,0,1,0,0,0,0,0,0,0,1,0,1,0,0,0,0,0,0,0,0,0,0,0,0,0,0,0,0,0,0,0,0,0,0,0,0,0,0,0,0,0,0,0,0,0,0,0,0,0,0,0,0,0,0,0,0,0,0,1,0,0,0,0,0,0,0,0,0
57,3000.0,GTO,KSC LC 39A,True ASDS,2,1,1,1,5e9e3032383ecb6bb234e7ca,5.0,2,B1047,1,3000.0,2,1,1,1,5.0,2,1,0,0,1,0,0,0,0,0,0,0,0,0,1,0,0,0,0,0,0,1,0,0,0,0,1,0,0,0,0,0,0,0,0,0,0,0,0,0,0,0,0,0,0,0,0,0,0,0,0,0,0,0,0,0,0,0,0,0,0,0,0,0,0,0,0,0,0,0,0,1,0,0,0,0,0,0,0,0,0,0
58,4000.0,SSO,VAFB SLC 4E,True ASDS,3,1,1,1,5e9e3033383ecbb9e534e7cc,5.0,3,B1046,1,4000.0,3,1,1,1,5.0,3,1,0,0,0,0,0,0,0,0,0,1,0,0,0,1,0,0,0,0,0,1,0,0,0,0,0,0,1,0,0,0,0,0,0,0,0,0,0,0,0,0,0,0,0,0,0,0,0,0,0,0,0,0,0,0,0,0,0,0,0,0,0,0,0,0,0,0,0,0,1,0,0,0,0,0,0,0,0,0,0,0
59,2573.0,ISS,CCAFS SLC 40,False RTLS,1,1,0,1,5e9e3032383ecb267a34e7c7,5.0,0,B1050,0,2573.0,1,1,0,1,5.0,0,0,0,0,0,0,1,0,0,0,0,0,0,1,0,0,0,0,1,0,0,0,0,0,1,0,0,0,0,0,0,0,0,0,0,0,0,0,0,0,0,0,0,0,0,0,0,0,0,0,0,0,0,0,0,0,0,0,0,0,0,0,0,0,0,0,0,0,0,0,0,0,0,0,1,0,0,0,0,0,0,0
60,4400.0,MEO,CCAFS SLC 40,None None,1,0,0,0,,5.0,0,B1054,0,4400.0,1,0,0,0,5.0,0,0,0,0,0,0,0,0,1,0,0,0,0,1,0,0,0,0,0,0,1,0,0,0,0,0,0,0,0,0,0,0,0,0,0,0,0,0,0,0,0,0,0,0,0,0,0,0,0,0,0,0,0,0,0,0,0,0,0,0,0,0,0,0,0,0,0,0,0,0,0,0,0,0,0,0,1,0,0,0,0,0
61,9600.0,PO,VAFB SLC 4E,True ASDS,2,1,1,1,5e9e3033383ecbb9e534e7cc,5.0,5,B1049,1,9600.0,2,1,1,1,5.0,5,1,0,0,0,0,0,0,0,1,0,0,0,0,0,1,0,0,0,0,0,1,0,0,0,0,0,0,1,0,0,0,0,0,0,0,0,0,0,0,0,0,0,0,0,0,0,0,0,0,0,0,0,0,0,0,0,0,0,0,0,0,0,0,0,0,0,0,0,0,0,0,0,1,0,0,0,0,0,0,0,0
62,12259.0,ISS,KSC LC 39A,True ASDS,1,1,0,1,5e9e3032383ecb6bb234e7ca,5.0,5,B1051,1,12259.0,1,1,0,1,5.0,5,1,0,0,0,0,1,0,0,0,0,0,0,0,1,0,0,0,0,0,0,1,0,0,0,0,1,0,0,0,0,0,0,0,0,0,0,0,0,0,0,0,0,0,0,0,0,0,0,0,0,0,0,0,0,0,0,0,0,0,0,0,0,0,0,0,0,0,0,0,0,0,0,0,0,1,0,0,0,0,0,0
63,2482.0,ISS,CCAFS SLC 40,True ASDS,1,1,0,1,5e9e3032383ecb6bb234e7ca,5.0,3,B1056,1,2482.0,1,1,0,1,5.0,3,1,0,0,0,0,1,0,0,0,0,0,0,1,0,0,0,0,0,0,0,1,0,0,0,0,1,0,0,0,0,0,0,0,0,0,0,0,0,0,0,0,0,0,0,0,0,0,0,0,0,0,0,0,0,0,0,0,0,0,0,0,0,0,0,0,0,0,0,0,0,0,0,0,0,0,0,1,0,0,0,0
64,13620.0,VLEO,CCAFS SLC 40,True ASDS,3,1,1,1,5e9e3032383ecb6bb234e7ca,5.0,5,B1049,1,13620.0,3,1,1,1,5.0,5,1,0,0,0,0,0,0,0,0,0,0,1,1,0,0,0,0,0,0,0,1,0,0,0,0,1,0,0,0,0,0,0,0,0,0,0,0,0,0,0,0,0,0,0,0,0,0,0,0,0,0,0,0,0,0,0,0,0,0,0,0,0,0,0,0,0,0,0,0,0,0,0,1,0,0,0,0,0,0,0,0
65,1425.0,SSO,VAFB SLC 4E,True RTLS,2,1,1,1,5e9e3032383ecb554034e7c9,5.0,5,B1051,1,1425.0,2,1,1,1,5.0,5,1,0,0,0,0,0,0,0,0,0,1,0,0,0,1,0,0,0,0,0,0,0,1,0,1,0,0,0,0,0,0,0,0,0,0,0,0,0,0,0,0,0,0,0,0,0,0,0,0,0,0,0,0,0,0,0,0,0,0,0,0,0,0,0,0,0,0,0,0,0,0,0,0,0,1,0,0,0,0,0,0
66,2227.7,ISS,CCAFS SLC 40,True RTLS,2,1,1,1,5e9e3032383ecb267a34e7c7,5.0,3,B1056,1,2227.7,2,1,1,1,5.0,3,1,0,0,0,0,1,0,0,0,0,0,0,1,0,0,0,0,0,0,0,0,0,1,1,0,0,0,0,0,0,0,0,0,0,0,0,0,0,0,0,0,0,0,0,0,0,0,0,0,0,0,0,0,0,0,0,0,0,0,0,0,0,0,0,0,0,0,0,0,0,0,0,0,0,0,0,1,0,0,0,0
67,6500.0,GTO,CCAFS SLC 40,None None,3,0,1,0,,5.0,2,B1047,0,6500.0,3,0,1,0,5.0,2,0,0,0,1,0,0,0,0,0,0,0,0,1,0,0,0,0,0,0,1,0,0,0,0,0,0,0,0,0,0,0,0,0,0,0,0,0,0,0,0,0,0,0,0,0,0,0,0,0,0,0,0,0,0,0,0,0,0,0,0,0,0,0,0,0,0,0,0,0,0,1,0,0,0,0,0,0,0,0,0,0
68,15600.0,VLEO,CCAFS SLC 40,True ASDS,4,1,1,1,5e9e3032383ecb6bb234e7ca,5.0,4,B1048,1,15600.0,4,1,1,1,5.0,4,1,0,0,0,0,0,0,0,0,0,0,1,1,0,0,0,0,0,0,0,1,0,0,0,0,1,0,0,0,0,0,0,0,0,0,0,0,0,0,0,0,0,0,0,0,0,0,0,0,0,0,0,0,0,0,0,0,0,0,0,0,0,0,0,0,0,0,0,0,0,0,1,0,0,0,0,0,0,0,0,0
69,5000.0,ISS,CCAFS SLC 40,True ASDS,1,1,0,1,5e9e3032383ecb6bb234e7ca,5.0,3,B1059,1,5000.0,1,1,0,1,5.0,3,1,0,0,0,0,1,0,0,0,0,0,0,1,0,0,0,0,0,0,0,1,0,0,0,0,1,0,0,0,0,0,0,0,0,0,0,0,0,0,0,0,0,0,0,0,0,0,0,0,0,0,0,0,0,0,0,0,0,0,0,0,0,0,0,0,0,0,0,0,0,0,0,0,0,0,0,0,0,1,0,0
70,6800.0,GTO,CCAFS SLC 40,True ASDS,3,1,1,1,5e9e3032383ecb6bb234e7ca,5.0,3,B1056,1,6800.0,3,1,1,1,5.0,3,1,0,0,1,0,0,0,0,0,0,0,0,1,0,0,0,0,0,0,0,1,0,0,0,0,1,0,0,0,0,0,0,0,0,0,0,0,0,0,0,0,0,0,0,0,0,0,0,0,0,0,0,0,0,0,0,0,0,0,0,0,0,0,0,0,0,0,0,0,0,0,0,0,0,0,0,1,0,0,0,0
71,15400.0,VLEO,CCAFS SLC 40,True ASDS,4,1,1,1,5e9e3032383ecb6bb234e7ca,5.0,5,B1049,1,15400.0,4,1,1,1,5.0,5,1,0,0,0,0,0,0,0,0,0,0,1,1,0,0,0,0,0,0,0,1,0,0,0,0,1,0,0,0,0,0,0,0,0,0,0,0,0,0,0,0,0,0,0,0,0,0,0,0,0,0,0,0,0,0,0,0,0,0,0,0,0,0,0,0,0,0,0,0,0,0,0,1,0,0,0,0,0,0,0,0
72,6104.959411764706,SO,KSC LC 39A,None None,4,0,1,0,,5.0,3,B1046,0,6104.959411764706,4,0,1,0,5.0,3,0,0,0,0,0,0,0,0,0,1,0,0,0,1,0,0,0,0,0,1,0,0,0,0,0,0,0,0,0,0,0,0,0,0,0,0,0,0,0,0,0,0,0,0,0,0,0,0,0,0,0,0,0,0,0,0,0,0,0,0,0,0,0,0,0,0,0,0,0,1,0,0,0,0,0,0,0,0,0,0,0
73,15600.0,VLEO,CCAFS SLC 40,True ASDS,3,1,1,1,5e9e3032383ecb6bb234e7ca,5.0,5,B1051,1,15600.0,3,1,1,1,5.0,5,1,0,0,0,0,0,0,0,0,0,0,1,1,0,0,0,0,0,0,0,1,0,0,0,0,1,0,0,0,0,0,0,0,0,0,0,0,0,0,0,0,0,0,0,0,0,0,0,0,0,0,0,0,0,0,0,0,0,0,0,0,0,0,0,0,0,0,0,0,0,0,0,0,0,1,0,0,0,0,0,0
74,15400.0,VLEO,CCAFS SLC 40,False ASDS,4,1,1,1,5e9e3032383ecb6bb234e7ca,5.0,3,B1056,0,15400.0,4,1,1,1,5.0,3,0,0,0,0,0,0,0,0,0,0,0,1,1,0,0,1,0,0,0,0,0,0,0,0,0,1,0,0,0,0,0,0,0,0,0,0,0,0,0,0,0,0,0,0,0,0,0,0,0,0,0,0,0,0,0,0,0,0,0,0,0,0,0,0,0,0,0,0,0,0,0,0,0,0,0,0,1,0,0,0,0
75,1977.0,ISS,CCAFS SLC 40,True RTLS,2,1,1,1,5e9e3032383ecb267a34e7c7,5.0,3,B1059,1,1977.0,2,1,1,1,5.0,3,1,0,0,0,0,1,0,0,0,0,0,0,1,0,0,0,0,0,0,0,0,0,1,1,0,0,0,0,0,0,0,0,0,0,0,0,0,0,0,0,0,0,0,0,0,0,0,0,0,0,0,0,0,0,0,0,0,0,0,0,0,0,0,0,0,0,0,0,0,0,0,0,0,0,0,0,0,0,1,0,0
76,15600.0,VLEO,KSC LC 39A,False ASDS,5,1,1,1,5e9e3032383ecb6bb234e7ca,5.0,4,B1048,0,15600.0,5,1,1,1,5.0,4,0,0,0,0,0,0,0,0,0,0,0,1,0,1,0,1,0,0,0,0,0,0,0,0,0,1,0,0,0,0,0,0,0,0,0,0,0,0,0,0,0,0,0,0,0,0,0,0,0,0,0,0,0,0,0,0,0,0,0,0,0,0,0,0,0,0,0,0,0,0,0,1,0,0,0,0,0,0,0,0,0
77,15400.0,VLEO,KSC LC 39A,True ASDS,4,1,1,1,5e9e3032383ecb6bb234e7ca,5.0,5,B1051,1,15400.0,4,1,1,1,5.0,5,1,0,0,0,0,0,0,0,0,0,0,1,0,1,0,0,0,0,0,0,1,0,0,0,0,1,0,0,0,0,0,0,0,0,0,0,0,0,0,0,0,0,0,0,0,0,0,0,0,0,0,0,0,0,0,0,0,0,0,0,0,0,0,0,0,0,0,0,0,0,0,0,0,0,1,0,0,0,0,0,0
78,9525.0,ISS,KSC LC 39A,True ASDS,1,1,0,1,5e9e3032383ecb6bb234e7ca,5.0,2,B1058,1,9525.0,1,1,0,1,5.0,2,1,0,0,0,0,1,0,0,0,0,0,0,0,1,0,0,0,0,0,0,1,0,0,0,0,1,0,0,0,0,0,0,0,0,0,0,0,0,0,0,0,0,0,0,0,0,0,0,0,0,0,0,0,0,0,0,0,0,0,0,0,0,0,0,0,0,0,0,0,0,0,0,0,0,0,0,0,1,0,0,0
79,15400.0,VLEO,CCAFS SLC 40,True ASDS,5,1,1,1,5e9e3033383ecbb9e534e7cc,5.0,5,B1049,1,15400.0,5,1,1,1,5.0,5,1,0,0,0,0,0,0,0,0,0,0,1,1,0,0,0,0,0,0,0,1,0,0,0,0,0,0,1,0,0,0,0,0,0,0,0,0,0,0,0,0,0,0,0,0,0,0,0,0,0,0,0,0,0,0,0,0,0,0,0,0,0,0,0,0,0,0,0,0,0,0,0,1,0,0,0,0,0,0,0,0
80,15400.0,VLEO,CCAFS SLC 40,True ASDS,3,1,1,1,5e9e3032383ecb6bb234e7ca,5.0,3,B1059,1,15400.0,3,1,1,1,5.0,3,1,0,0,0,0,0,0,0,0,0,0,1,1,0,0,0,0,0,0,0,1,0,0,0,0,1,0,0,0,0,0,0,0,0,0,0,0,0,0,0,0,0,0,0,0,0,0,0,0,0,0,0,0,0,0,0,0,0,0,0,0,0,0,0,0,0,0,0,0,0,0,0,0,0,0,0,0,0,1,0,0
81,3880.0,MEO,CCAFS SLC 40,True ASDS,1,1,0,1,5e9e3033383ecbb9e534e7cc,5.0,2,B1060,1,3880.0,1,1,0,1,5.0,2,1,0,0,0,0,0,0,1,0,0,0,0,1,0,0,0,0,0,0,0,1,0,0,0,0,0,0,1,0,0,0,0,0,0,0,0,0,0,0,0,0,0,0,0,0,0,0,0,0,0,0,0,0,0,0,0,0,0,0,0,0,0,0,0,0,0,0,0,0,0,0,0,0,0,0,0,0,0,0,1,0
82,6104.959411764706,GEO,CCAFS SLC 40,True ASDS,2,1,1,1,5e9e3033383ecbb9e534e7cc,5.0,2,B1058,1,6104.959411764706,2,1,1,1,5.0,2,1,0,1,0,0,0,0,0,0,0,0,0,1,0,0,0,0,0,0,0,1,0,0,0,0,0,0,1,0,0,0,0,0,0,0,0,0,0,0,0,0,0,0,0,0,0,0,0,0,0,0,0,0,0,0,0,0,0,0,0,0,0,0,0,0,0,0,0,0,0,0,0,0,0,0,0,0,1,0,0,0
83,15400.0,VLEO,CCAFS SLC 40,True ASDS,6,1,1,1,5e9e3032383ecb6bb234e7ca,5.0,5,B1049,1,15400.0,6,1,1,1,5.0,5,1,0,0,0,0,0,0,0,0,0,0,1,1,0,0,0,0,0,0,0,1,0,0,0,0,1,0,0,0,0,0,0,0,0,0,0,0,0,0,0,0,0,0,0,0,0,0,0,0,0,0,0,0,0,0,0,0,0,0,0,0,0,0,0,0,0,0,0,0,0,0,0,1,0,0,0,0,0,0,0,0
84,1600.0,SSO,CCAFS SLC 40,True RTLS,4,1,1,1,5e9e3032383ecb267a34e7c7,5.0,3,B1059,1,1600.0,4,1,1,1,5.0,3,1,0,0,0,0,0,0,0,0,0,1,0,1,0,0,0,0,0,0,0,0,0,1,1,0,0,0,0,0,0,0,0,0,0,0,0,0,0,0,0,0,0,0,0,0,0,0,0,0,0,0,0,0,0,0,0,0,0,0,0,0,0,0,0,0,0,0,0,0,0,0,0,0,0,0,0,0,0,1,0,0
85,15400.0,VLEO,KSC LC 39A,True ASDS,2,1,1,1,5e9e3032383ecb6bb234e7ca,5.0,2,B1060,1,15400.0,2,1,1,1,5.0,2,1,0,0,0,0,0,0,0,0,0,0,1,0,1,0,0,0,0,0,0,1,0,0,0,0,1,0,0,0,0,0,0,0,0,0,0,0,0,0,0,0,0,0,0,0,0,0,0,0,0,0,0,0,0,0,0,0,0,0,0,0,0,0,0,0,0,0,0,0,0,0,0,0,0,0,0,0,0,0,1,0
86,15400.0,VLEO,KSC LC 39A,True ASDS,3,1,1,1,5e9e3032383ecb6bb234e7ca,5.0,2,B1058,1,15400.0,3,1,1,1,5.0,2,1,0,0,0,0,0,0,0,0,0,0,1,0,1,0,0,0,0,0,0,1,0,0,0,0,1,0,0,0,0,0,0,0,0,0,0,0,0,0,0,0,0,0,0,0,0,0,0,0,0,0,0,0,0,0,0,0,0,0,0,0,0,0,0,0,0,0,0,0,0,0,0,0,0,0,0,0,1,0,0,0
87,15400.0,VLEO,KSC LC 39A,True ASDS,6,1,1,1,5e9e3032383ecb6bb234e7ca,5.0,5,B1051,1,15400.0,6,1,1,1,5.0,5,1,0,0,0,0,0,0,0,0,0,0,1,0,1,0,0,0,0,0,0,1,0,0,0,0,1,0,0,0,0,0,0,0,0,0,0,0,0,0,0,0,0,0,0,0,0,0,0,0,0,0,0,0,0,0,0,0,0,0,0,0,0,0,0,0,0,0,0,0,0,0,0,0,0,1,0,0,0,0,0,0
88,15400.0,VLEO,CCAFS SLC 40,True ASDS,3,1,1,1,5e9e3033383ecbb9e534e7cc,5.0,2,B1060,1,15400.0,3,1,1,1,5.0,2,1,0,0,0,0,0,0,0,0,0,0,1,1,0,0,0,0,0,0,0,1,0,0,0,0,0,0,1,0,0,0,0,0,0,0,0,0,0,0,0,0,0,0,0,0,0,0,0,0,0,0,0,0,0,0,0,0,0,0,0,0,0,0,0,0,0,0,0,0,0,0,0,0,0,0,0,0,0,0,1,0
89,3681.0,MEO,CCAFS SLC 40,True ASDS,1,1,0,1,5e9e3032383ecb6bb234e7ca,5.0,0,B1062,1,3681.0,1,1,0,1,5.0,0,1,0,0,0,0,0,0,1,0,0,0,0,1,0,0,0,0,0,0,0,1,0,0,0,0,1,0,0,0,0,0,0,0,0,0,0,0,0,0,0,0,0,0,0,0,0,0,0,0,0,0,0,0,0,0,0,0,0,0,0,0,0,0,0,0,0,0,0,0,0,0,0,0,0,0,0,0,0,0,0,1
